{
  "id": "d928b4c3-d791-42e5-942e-d78b3fc71b45",
  "name": "hotel",
  "isOverridable": true,
  "entries": [
    {
      "value": "Hilton",
      "synonyms": [
        "Hilton"
      ]
    },
    {
      "value": "Marriot",
      "synonyms": [
        "Marriot"
      ]
    },
    {
      "value": "Mandarin Oriental",
      "synonyms": [
        "Mandarin Oriental"
      ]
    },
    {
      "value": "Hyatt",
      "synonyms": [
        "Hyatt"
      ]
    }
  ],
  "isEnum": false,
  "automatedExpansion": false
}